stock_ticker,company_name,exchange,country,index_id,sector_id,industry_id,market_cap,market_cap_type,style,business_model,stock_category,description
MSFT,Microsoft Corp,NASDAQ,USA,IDX_SP500,SEC_IT,IND_SOFT,3200000000000,Mega Cap,Growth,"Platform,SaaS","Blue Chip,Mega Cap,Growth","Sistemas operativos, cloud y software empresarial"
ORCL,Oracle Corp,NYSE,USA,IDX_SP500,SEC_IT,IND_SOFT,380000000000,Large Cap,Blend,"Enterprise Software,Subscription","Blue Chip,Large Cap,Blend",Bases de datos y software empresarial
ADBE,Adobe Inc,NASDAQ,USA,IDX_SP500,SEC_IT,IND_SOFT,260000000000,Large Cap,Growth,SaaS,"Blue Chip,Growth",Software creativo y marketing digital
CRM,Salesforce Inc,NYSE,USA,IDX_SP500,SEC_IT,IND_SOFT,280000000000,Large Cap,Growth,SaaS,"Growth,SaaS",Plataforma líder de CRM
INTU,Intuit Inc,NASDAQ,USA,IDX_SP500,SEC_IT,IND_SOFT,200000000000,Large Cap,Growth,SaaS,"Growth,SaaS",Software financiero y contable
AAPL,Apple Inc,NASDAQ,USA,IDX_SP500,SEC_IT,IND_TECH_HW,3000000000000,Mega Cap,Blend,"Platform,Hardware,Services","Blue Chip,Mega Cap,Platform,Defensive Growth","Dispositivos electrónicos, ecosistema y servicios"
NVDA,NVIDIA Corp,NASDAQ,USA,IDX_SP500,SEC_IT,IND_TECH_HW,2200000000000,Mega Cap,Growth,"Hardware,Platform","Blue Chip,Mega Cap,Growth,High Momentum",Chips y hardware para IA y computación acelerada
DELL,Dell Technologies,NYSE,USA,IDX_SP500,SEC_IT,IND_TECH_HW,90000000000,Large Cap,Blend,"Hardware,Enterprise Solutions","Large Cap,Enterprise Hardware","Servidores, PCs y soluciones empresariales"
HPQ,HP Inc,NYSE,USA,IDX_SP500,SEC_IT,IND_TECH_HW,35000000000,Large Cap,Value,"Hardware,Printing","Value,Dividend,Hardware","PCs, impresoras y hardware corporativo"
STX,Seagate Technology,NASDAQ,USA,IDX_SP500,SEC_IT,IND_TECH_HW,18000000000,Large Cap,Value,Data Storage,"Value,Cyclical,Storage",Almacenamiento de datos y discos duros
NVDA,NVIDIA Corp,NASDAQ,USA,IDX_SP500,SEC_IT,IND_SEMI,2200000000000,Mega Cap,Growth,"Hardware,Platform","Blue Chip,Mega Cap,Growth,High Momentum",Semiconductores y plataformas de computación acelerada para IA
TSM,Taiwan Semiconductor Manufacturing Co,NYSE,USA,IDX_SP500,SEC_IT,IND_SEMI,700000000000,Mega Cap,Blend,"Foundry,Manufacturing","Blue Chip,Mega Cap,Defensive Growth",Fabricación de chips avanzados para terceros
AVGO,Broadcom Inc,NASDAQ,USA,IDX_SP500,SEC_IT,IND_SEMI,650000000000,Mega Cap,Blend,"Semiconductors,Infrastructure Software","Blue Chip,Mega Cap,Cash Flow",Chips y software de infraestructura
AMD,Advanced Micro Devices,NASDAQ,USA,IDX_SP500,SEC_IT,IND_SEMI,300000000000,Large Cap,Growth,"Hardware,Processors","Growth,High Beta",Diseño de CPUs y GPUs de alto rendimiento
INTC,Intel Corp,NASDAQ,USA,IDX_SP500,SEC_IT,IND_SEMI,190000000000,Large Cap,Blend,"Manufacturing,Processors","Turnaround,Legacy Tech",Fabricante histórico de semiconductores
ASML,ASML Holding NV,NASDAQ,USA,IDX_SP500,SEC_IT,IND_SEMI_EQ,420000000000,Large Cap,Growth,"Semiconductor Equipment,Manufacturing Tools","Blue Chip,Monopoly,High Moat",Equipos de litografía avanzada (EUV) para fabricación de chips
AMAT,Applied Materials Inc,NASDAQ,USA,IDX_SP500,SEC_IT,IND_SEMI_EQ,190000000000,Large Cap,Growth,Semiconductor Equipment,"Blue Chip,Industry Leader",Equipos para deposición y fabricación de semiconductores
LRCX,Lam Research Corp,NASDAQ,USA,IDX_SP500,SEC_IT,IND_SEMI_EQ,130000000000,Large Cap,Growth,"Semiconductor Equipment,Etching","Industry Leader,Cyclical",Equipos de grabado y procesamiento de obleas
KLAC,KLA Corp,NASDAQ,USA,IDX_SP500,SEC_IT,IND_SEMI_EQ,100000000000,Large Cap,Growth,"Semiconductor Equipment,Inspection","High Quality,Defensive Growth",Inspección y control de procesos en semiconductores
TER,Teradyne Inc,NASDAQ,USA,IDX_SP500,SEC_IT,IND_SEMI_EQ,18000000000,Large Cap,Blend,"Semiconductor Equipment,Testing","Cyclical,Automation",Equipos de prueba para chips y automatización industrial
ACN,Accenture plc,NYSE,USA,IDX_SP500,SEC_IT,IND_IT_SERV,210000000000,Large Cap,Blend,"Consulting,Outsourcing,Digital Services","Blue Chip,Industry Leader,Enterprise Services","Consultoría tecnológica, transformación digital y outsourcing"
IBM,International Business Machines Corp,NYSE,USA,IDX_SP500,SEC_IT,IND_IT_SERV,190000000000,Large Cap,Blend,"IT Services,Hybrid Cloud,Consulting","Blue Chip,Defensive,Turnaround","Servicios IT, cloud híbrido y consultoría empresarial"
CTSH,Cognizant Technology Solutions,NASDAQ,USA,IDX_SP500,SEC_IT,IND_IT_SERV,80000000000,Large Cap,Blend,"IT Services,Outsourcing","Enterprise Services,Stable Growth",Servicios IT y outsourcing para empresas globales
INFY,Infosys Ltd,NYSE,USA,,SEC_IT,IND_IT_SERV,90000000000,Large Cap,Blend,"IT Services,Digital Transformation","Global Leader,Offshore Model",Servicios IT globales y transformación digital
DXC,DXC Technology Co,NYSE,USA,,SEC_IT,IND_IT_SERV,35000000000,Mid Cap,Value,"IT Services,Managed Services","Turnaround,Value Play",Servicios IT gestionados y legacy enterprise
HON,Honeywell International Inc,NYSE,USA,IDX_SP500,SEC_IT,IND_ELEC_EQ,140000000000,Large Cap,Blend,"Industrial Technology,Automation","Blue Chip,Industrial Tech,Defensive Growth","Equipos electrónicos industriales, automatización y aeroespacial"
ETN,Eaton Corp plc,NYSE,USA,IDX_SP500,SEC_IT,IND_ELEC_EQ,130000000000,Large Cap,Blend,"Electrical Equipment,Power Management","Blue Chip,Infrastructure,Quality",Equipos eléctricos y gestión de energía
TDY,Teledyne Technologies Inc,NYSE,USA,IDX_SP500,SEC_IT,IND_ELEC_EQ,45000000000,Large Cap,Growth,"Sensors,Instrumentation,Defense","High Quality,Defense Exposure","Sensores, instrumentación y sistemas avanzados"
KEYS,Keysight Technologies Inc,NYSE,USA,IDX_SP500,SEC_IT,IND_ELEC_EQ,30000000000,Large Cap,Growth,"Test & Measurement,Instrumentation","Industry Leader,Semiconductor Cycle Exposure",Instrumentos de prueba y medición electrónica
AME,AMETEK Inc,NYSE,USA,IDX_SP500,SEC_IT,IND_ELEC_EQ,45000000000,Large Cap,Blend,"Electronic Instruments,Automation","High Quality,Industrial Compounding",Instrumentos electrónicos y automatización industrial
JPM,JPMorgan Chase & Co,NYSE,USA,IDX_SP500,SEC_FIN,IND_BANKS,500000000000,Mega Cap,Blend,"Commercial Banking,Investment Banking","Blue Chip,Mega Cap,Systemic Bank",Banco líder global con fuerte diversificación
BAC,Bank of America Corp,NYSE,USA,IDX_SP500,SEC_FIN,IND_BANKS,300000000000,Large Cap,Blend,"Commercial Banking,Consumer Banking","Blue Chip,Lending Cycle",Banca comercial y de consumo en EE.UU.
WFC,Wells Fargo & Co,NYSE,USA,IDX_SP500,SEC_FIN,IND_BANKS,230000000000,Large Cap,Value,"Commercial Banking,Consumer Banking","Value,Turnaround",Banco enfocado en banca minorista y corporativa
C,Citigroup Inc,NYSE,USA,IDX_SP500,SEC_FIN,IND_BANKS,150000000000,Large Cap,Value,"Global Banking,Investment Banking","Global Exposure,Turnaround",Banco global con fuerte presencia internacional
GS,Goldman Sachs Group Inc,NYSE,USA,IDX_SP500,SEC_FIN,IND_BANKS,150000000000,Large Cap,Blend,"Investment Banking,Trading","Blue Chip,Capital Markets Exposure",Banca de inversión y trading institucional
RKT,Rocket Companies Inc,NYSE,USA,,SEC_FIN,IND_THRIFT,20000000000,Large Cap,Value,"Mortgage Origination,Digital Platform","Cyclical,Rate Sensitive,Market Leader",Plataforma digital líder en originación hipotecaria
UWMC,UWM Holdings Corp,NYSE,USA,,SEC_FIN,IND_THRIFT,15000000000,Large Cap,Value,Mortgage Wholesale,"Rate Sensitive,Wholesale Focus",Originador hipotecario mayorista enfocado en brokers
COOP,Mr. Cooper Group Inc,NASDAQ,USA,,SEC_FIN,IND_THRIFT,9000000000,Mid Cap,Blend,"Mortgage Servicing,Origination","Cash Flow,Rate Sensitive",Mayor servicer hipotecario de EE. UU.
PFSI,PennyMac Financial Services Inc,NYSE,USA,,SEC_FIN,IND_THRIFT,7000000000,Mid Cap,Blend,"Mortgage Origination,Servicing","Cyclical,Rate Sensitive",Originación y servicing hipotecario integrado
LDI,loanDepot Inc,NYSE,USA,,SEC_FIN,IND_THRIFT,3000000000,Small Cap,Value,Mortgage Origination,"High Risk,Turnaround",Originador hipotecario digital enfocado en refinanciaciones
AXP,American Express Co,NYSE,USA,IDX_SP500,SEC_FIN,IND_CONS_FIN,190000000000,Large Cap,Blend,"Payments,Credit Cards","Blue Chip,Consumer Finance,High Quality",Servicios financieros y tarjetas premium
COF,Capital One Financial Corp,NYSE,USA,IDX_SP500,SEC_FIN,IND_CONS_FIN,130000000000,Large Cap,Blend,"Credit Cards,Consumer Lending","Consumer Credit Leader,Cyclical",Banca de consumo y tarjetas de crédito
SYF,Synchrony Financial,NYSE,USA,IDX_SP500,SEC_FIN,IND_CONS_FIN,45000000000,Large Cap,Value,"Consumer Credit,Private Label Cards","Cyclical,Rate Sensitive",Financiación al consumo y tarjetas privadas
ALLY,Ally Financial Inc,NYSE,USA,IDX_SP500,SEC_FIN,IND_CONS_FIN,40000000000,Large Cap,Value,"Auto Finance,Consumer Lending","Cyclical,Auto Exposure",Crédito automotriz y banca digital
DFS,Discover Financial Services,NYSE,USA,IDX_SP500,SEC_FIN,IND_CONS_FIN,30000000000,Large Cap,Value,"Credit Cards,Consumer Banking","Consumer Credit,Rate Sensitive",Tarjetas de crédito y banca de consumo
BLK,BlackRock Inc,NYSE,USA,IDX_SP500,SEC_FIN,IND_CAP_MKT,120000000000,Large Cap,Blend,"Asset Management,ETFs","Blue Chip,Asset Manager,High Quality",Mayor gestor de activos del mundo y líder en ETFs
MS,Morgan Stanley,NYSE,USA,IDX_SP500,SEC_FIN,IND_CAP_MKT,180000000000,Large Cap,Blend,"Investment Banking,Wealth Management","Blue Chip,Capital Markets",Banca de inversión y gestión patrimonial global
SCHW,Charles Schwab Corp,NYSE,USA,IDX_SP500,SEC_FIN,IND_CAP_MKT,130000000000,Large Cap,Blend,"Brokerage,Wealth Management","Broker Leader,Rate Sensitive",Broker líder para retail e institucional
CME,CME Group Inc,NASDAQ,USA,IDX_SP500,SEC_FIN,IND_CAP_MKT,80000000000,Large Cap,Blend,"Derivatives Exchange,Market Infrastructure","Market Infrastructure,High Moat",Bolsa líder de derivados y futuros
ICE,Intercontinental Exchange Inc,NYSE,USA,IDX_SP500,SEC_FIN,IND_CAP_MKT,70000000000,Large Cap,Blend,"Exchanges,Market Data","High Moat,Market Infrastructure",Operador de bolsas y data financiera (NYSE)
BRK.B,Berkshire Hathaway Inc (Class B),NYSE,USA,IDX_SP500,SEC_FIN,IND_INS,900000000000,Mega Cap,Blend,"Insurance,Conglomerate","Blue Chip,Mega Cap,Defensive,Quality",Seguros y holding diversificado con alto flujo de caja
UNH,UnitedHealth Group Inc,NYSE,USA,IDX_SP500,SEC_FIN,IND_INS,500000000000,Mega Cap,Blend,"Health Insurance,Services","Blue Chip,Mega Cap,Defensive Growth",Seguros de salud y servicios médicos integrados
PGR,Progressive Corp,NYSE,USA,IDX_SP500,SEC_FIN,IND_INS,120000000000,Large Cap,Growth,Auto Insurance,"Data Driven,Industry Leader",Seguros de autos con fuerte enfoque analítico
ALL,Allstate Corp,NYSE,USA,IDX_SP500,SEC_FIN,IND_INS,110000000000,Large Cap,Blend,Property & Casualty Insurance,"Defensive,Cash Flow",Seguros P&C para consumo
TRV,The Travelers Companies Inc,NYSE,USA,IDX_SP500,SEC_FIN,IND_INS,50000000000,Large Cap,Value,Commercial Insurance,"Defensive,Dividend",Seguros comerciales y de propiedad
BRK.B,Berkshire Hathaway Inc (Class B),NYSE,USA,IDX_SP500,SEC_FIN,IND_DIV_FIN,900000000000,Mega Cap,Blend,"Insurance,Investments,Operating Businesses","Blue Chip,Mega Cap,Quality,Holding","Grupo financiero diversificado con seguros, inversiones y negocios operativos"
BAM,Brookfield Asset Management Ltd,NYSE,USA,IDX_SP500,SEC_FIN,IND_DIV_FIN,120000000000,Large Cap,Blend,"Asset Management,Alternatives","Alternative Assets,Global Platform",Gestor global de activos alternativos e inversiones reales
L,Loews Corp,NYSE,USA,IDX_SP500,SEC_FIN,IND_DIV_FIN,15000000000,Mid Cap,Blend,"Insurance,Investments","Holding,Value",Holding financiero con foco en seguros y participaciones industriales
MKL,Markel Corp,NYSE,USA,,SEC_FIN,IND_DIV_FIN,20000000000,Mid Cap,Blend,"Insurance,Investments","Quality,Mini Berkshire",Aseguradora y holding de inversiones de largo plazo
FRFHF,Fairfax Financial Holdings Ltd,OTC,USA,,SEC_FIN,IND_DIV_FIN,18000000000,Mid Cap,Blend,"Insurance,Global Investments","Value,Contrarian Holding",Holding financiero con enfoque contrarian y seguros globales
SPGI,S&P Global Inc,NYSE,USA,IDX_SP500,SEC_FIN,IND_EXCH,160000000000,Large Cap,Blend,"Financial Data,Indices","Blue Chip,High Moat,Market Infrastructure","Data financiera, ratings e índices bursátiles"
MSCI,MSCI Inc,NYSE,USA,IDX_SP500,SEC_FIN,IND_EXCH,90000000000,Large Cap,Growth,"Indices,Analytics","High Moat,Asset Allocation",Índices y analítica para gestión de activos
NDAQ,Nasdaq Inc,NASDAQ,USA,IDX_SP500,SEC_FIN,IND_EXCH,40000000000,Large Cap,Blend,"Exchange,Market Data","Market Infrastructure,Technology Driven",Operador bursátil y data financiera global
CBOE,Cboe Global Markets Inc,BATS,USA,IDX_SP500,SEC_FIN,IND_EXCH,20000000000,Large Cap,Blend,"Options Exchange,Market Data","Volatility Exposure,High Quality",Operador líder en opciones y derivados
ICE,Intercontinental Exchange Inc,NYSE,USA,IDX_SP500,SEC_FIN,IND_EXCH,70000000000,Large Cap,Blend,"Exchanges,Market Data","High Moat,Market Infrastructure",Operador de bolsas y data financiera (NYSE)
JNJ,Johnson & Johnson,NYSE,USA,IDX_SP500,SEC_HC,IND_PHARMA,420000000000,Large Cap,Blend,"Pharmaceuticals,Medical Products","Blue Chip,Defensive,Dividend",Multinacional farmacéutica diversificada y defensiva
LLY,Eli Lilly and Co,NYSE,USA,IDX_SP500,SEC_HC,IND_PHARMA,800000000000,Mega Cap,Growth,Innovative Pharmaceuticals,"Growth,Industry Leader","Farmacéutica líder en diabetes, obesidad y oncología"
PFE,Pfizer Inc,NYSE,USA,IDX_SP500,SEC_HC,IND_PHARMA,170000000000,Large Cap,Value,"Pharmaceuticals,Research","Value,Dividend",Big Pharma con amplio portafolio de medicamentos
MRK,Merck & Co Inc,NYSE,USA,IDX_SP500,SEC_HC,IND_PHARMA,320000000000,Large Cap,Growth,"Pharmaceuticals,Oncology","Blue Chip,Quality",Farmacéutica líder en oncología e inmunoterapia
ABBV,AbbVie Inc,NYSE,USA,IDX_SP500,SEC_HC,IND_PHARMA,300000000000,Large Cap,Blend,"Biopharma,Specialty Drugs","High Cash Flow,Dividend",Farmacéutica enfocada en inmunología y biotecnología
AMGN,Amgen Inc,NASDAQ,USA,IDX_SP500,SEC_HC,IND_BIOTECH,140000000000,Large Cap,Blend,"Biotechnology,Specialty Drugs","Blue Chip,Biotech Leader,Cash Flow",Biotecnología madura con portafolio comercial sólido
GILD,Gilead Sciences Inc,NASDAQ,USA,IDX_SP500,SEC_HC,IND_BIOTECH,95000000000,Large Cap,Blend,"Biotechnology,Antivirals","Value,High Cash Flow",Tratamientos antivirales y oncológicos con fuerte generación de caja
VRTX,Vertex Pharmaceuticals Inc,NASDAQ,USA,IDX_SP500,SEC_HC,IND_BIOTECH,120000000000,Large Cap,Growth,"Biotechnology,Rare Diseases","Growth,High Moat",Líder en fibrosis quística y enfermedades raras
REGN,Regeneron Pharmaceuticals Inc,NASDAQ,USA,IDX_SP500,SEC_HC,IND_BIOTECH,100000000000,Large Cap,Growth,"Biotechnology,Monoclonal Antibodies","High Quality,Innovation",Biotecnología enfocada en inmunología y oftalmología
BIIB,Biogen Inc,NASDAQ,USA,IDX_SP500,SEC_HC,IND_BIOTECH,35000000000,Large Cap,Value,"Biotechnology,Neurology","Turnaround,Risk Control",Tratamientos neurológicos y pipeline en evolución
TMO,Thermo Fisher Scientific Inc,NYSE,USA,IDX_SP500,SEC_HC,IND_LIFE_TOOLS,250000000000,Large Cap,Blend,"Life Sciences Tools,Diagnostics","Blue Chip,High Moat,Defensive Growth","Equipos, reactivos y servicios para investigación y diagnóstico"
DHR,Danaher Corp,NYSE,USA,IDX_SP500,SEC_HC,IND_LIFE_TOOLS,230000000000,Large Cap,Blend,"Life Sciences Tools,Diagnostics","Blue Chip,Quality Compounder",Plataforma diversificada de ciencias de la vida y diagnóstico
A,Agilent Technologies Inc,NYSE,USA,IDX_SP500,SEC_HC,IND_LIFE_TOOLS,45000000000,Large Cap,Blend,"Analytical Instruments,Life Sciences","Industry Leader,Stable Growth",Instrumentación analítica y soluciones para laboratorios
ILMN,Illumina Inc,NASDAQ,USA,,SEC_HC,IND_LIFE_TOOLS,25000000000,Large Cap,Growth,"Genomics,Sequencing","Growth,Innovation",Razón genética y secuenciación de ADN
BRKR,Bruker Corp,NASDAQ,USA,,SEC_HC,IND_LIFE_TOOLS,12000000000,Mid Cap,Growth,Scientific Instruments,"High Quality,Niche Leader",Instrumentación científica avanzada para investigación
JNJ,Johnson & Johnson,NYSE,USA,IDX_SP500,SEC_HC,IND_HC_EQ,420000000000,Large Cap,Blend,"Medical Devices,Healthcare Products","Blue Chip,Defensive,Quality","Dispositivos médicos, tecnología quirúrgica y productos de salud"
ABT,Abbott Laboratories,NYSE,USA,IDX_SP500,SEC_HC,IND_HC_EQ,210000000000,Large Cap,Blend,"Medical Devices,Diagnostics","Blue Chip,Defensive Growth","Dispositivos médicos, diagnóstico y nutrición"
MDT,Medtronic plc,NYSE,USA,IDX_SP500,SEC_HC,IND_HC_EQ,120000000000,Large Cap,Blend,"Medical Devices,Cardiology","Blue Chip,Stable Cash Flow",Dispositivos médicos implantables y tecnología cardiovascular
SYK,Stryker Corp,NYSE,USA,IDX_SP500,SEC_HC,IND_HC_EQ,110000000000,Large Cap,Growth,"Medical Devices,Orthopedics","Growth,Industry Leader",Equipos ortopédicos y tecnología quirúrgica
BSX,Boston Scientific Corp,NYSE,USA,IDX_SP500,SEC_HC,IND_HC_EQ,100000000000,Large Cap,Growth,"Medical Devices,Interventional","Growth,Innovation",Dispositivos médicos intervencionistas y cardiovasculares
BDX,"Becton, Dickinson and Co",NYSE,USA,IDX_SP500,SEC_HC,IND_HC_SUP,90000000000,Large Cap,Blend,"Medical Supplies,Diagnostics","Blue Chip,Defensive,Quality","Suministros médicos, jeringas, catéteres y diagnóstico"
ZBH,Zimmer Biomet Holdings Inc,NYSE,USA,IDX_SP500,SEC_HC,IND_HC_SUP,30000000000,Large Cap,Blend,"Orthopedic Supplies,Implants","Industry Leader,Stable Demand",Suministros e implantes ortopédicos
STE,Steris plc,NYSE,USA,IDX_SP500,SEC_HC,IND_HC_SUP,25000000000,Large Cap,Blend,"Sterilization,Medical Supplies","Defensive,Recurring Revenue",Esterilización y suministros médicos hospitalarios
HOLX,Hologic Inc,NASDAQ,USA,IDX_SP500,SEC_HC,IND_HC_SUP,20000000000,Large Cap,Blend,"Medical Supplies,Diagnostics","Defensive,Cash Flow",Diagnóstico y suministros médicos enfocados en salud femenina
RMD,ResMed Inc,NYSE,USA,IDX_SP500,SEC_HC,IND_HC_SUP,30000000000,Large Cap,Growth,"Medical Supplies,Respiratory Care","Growth,Recurring Revenue",Equipos y consumibles para tratamiento respiratorio
UNH,UnitedHealth Group Inc,NYSE,USA,IDX_SP500,SEC_HC,IND_HC_PROV,500000000000,Mega Cap,Blend,"Health Insurance,Healthcare Services","Blue Chip,Mega Cap,Defensive Growth",Aseguramiento y servicios médicos integrados (Optum)
HCA,HCA Healthcare Inc,NYSE,USA,IDX_SP500,SEC_HC,IND_HC_PROV,300000000000,Large Cap,Blend,"Hospital Services,Healthcare Operations","Industry Leader,Stable Cash Flow",Operador líder de hospitales y clínicas en EE. UU.
CI,Cigna Group,NYSE,USA,IDX_SP500,SEC_HC,IND_HC_PROV,120000000000,Large Cap,Blend,"Health Insurance,Healthcare Services","Defensive,Integrated Care",Seguros de salud y servicios médicos integrados
HUM,Humana Inc,NYSE,USA,IDX_SP500,SEC_HC,IND_HC_PROV,60000000000,Large Cap,Growth,"Health Insurance,Medicare Advantage","Growth,Medicare Exposure",Aseguradora enfocada en Medicare Advantage
CNC,Centene Corp,NYSE,USA,IDX_SP500,SEC_HC,IND_HC_PROV,40000000000,Large Cap,Blend,"Managed Care,Government Programs","Defensive,Government Exposure",Servicios de salud administrados con foco en programas públicos
VEEV,Veeva Systems Inc,NYSE,USA,IDX_SP500,SEC_HC,IND_HC_TECH,55000000000,Large Cap,Growth,"SaaS,Healthcare Software","Growth,Health Tech Leader",Software cloud para gestión y compliance en la industria farmacéutica
IQV,IQVIA Holdings Inc,NYSE,USA,IDX_SP500,SEC_HC,IND_HC_TECH,45000000000,Large Cap,Blend,"Health Data,Analytics","High Moat,Data Driven","Analítica, datos clínicos y tecnología para investigación médica"
RCM,R1 RCM Inc,NASDAQ,USA,,SEC_HC,IND_HC_TECH,16000000000,Mid Cap,Growth,Revenue Cycle Management,"Health IT,Growth",Automatización y software para gestión de ingresos hospitalarios
EVH,Evolent Health Inc,NYSE,USA,,SEC_HC,IND_HC_TECH,4000000000,Small Cap,Growth,"Health IT,Value-Based Care","Speculative,Growth",Plataforma tecnológica para atención médica basada en valor
TDOC,Teladoc Health Inc,NYSE,USA,,SEC_HC,IND_HC_TECH,3000000000,Small Cap,Growth,"Telemedicine,Digital Health","High Risk,Disruptive",Servicios de telemedicina y salud digital
TSLA,Tesla Inc,NASDAQ,USA,IDX_SP500,SEC_CD,IND_AUTO,750000000000,Mega Cap,Growth,"EV Manufacturer,Technology Platform","Growth,High Beta,EV Leader",Fabricante líder de vehículos eléctricos y software automotriz
TM,Toyota Motor Corp,NYSE,USA,IDX_SP500,SEC_CD,IND_AUTO,330000000000,Large Cap,Blend,"Automobile Manufacturing,Hybrid Tech","Blue Chip,Defensive Auto",Fabricante automotriz global con liderazgo en híbridos
GM,General Motors Co,NYSE,USA,IDX_SP500,SEC_CD,IND_AUTO,60000000000,Large Cap,Value,"Automobile Manufacturing,EV Transition","Value,Cyclical",Fabricante tradicional en transición hacia vehículos eléctricos
F,Ford Motor Co,NYSE,USA,IDX_SP500,SEC_CD,IND_AUTO,50000000000,Large Cap,Value,"Automobile Manufacturing,EV Transition","Value,Dividend,Cyclical",Fabricante histórico con enfoque en trucks y EVs
HMC,Honda Motor Co,NYSE,USA,IDX_SP500,SEC_CD,IND_AUTO,45000000000,Large Cap,Blend,"Automobile Manufacturing,Motorcycles","Blue Chip,Global Auto",Fabricante global de autos y motocicletas
MGA,Magna International Inc,NYSE,USA,IDX_SP500,SEC_CD,IND_AUTO_COMP,45000000000,Large Cap,Blend,"Auto Components,Contract Manufacturing","Blue Chip,Global Supplier",Proveedor global líder de componentes y ensamblaje automotriz
APTV,Aptiv PLC,NYSE,USA,IDX_SP500,SEC_CD,IND_AUTO_COMP,50000000000,Large Cap,Growth,"Auto Electronics,ADAS","Growth,EV Exposure","Electrónica automotriz, software y sistemas avanzados de asistencia"
BWA,BorgWarner Inc,NYSE,USA,IDX_SP500,SEC_CD,IND_AUTO_COMP,35000000000,Large Cap,Blend,"Powertrain,EV Components","Cyclical,EV Transition",Componentes de tren motriz y electrificación
LEA,Lear Corp,NYSE,USA,IDX_SP500,SEC_CD,IND_AUTO_COMP,30000000000,Large Cap,Blend,"Seating Systems,Electronics","Stable Demand,Global OEM",Asientos y sistemas eléctricos para fabricantes globales
ALV,Autoliv Inc,NYSE,USA,IDX_SP500,SEC_CD,IND_AUTO_COMP,25000000000,Large Cap,Blend,Auto Safety Systems,"Defensive,Regulatory Tailwind","Sistemas de seguridad pasiva (airbags, cinturones)"
WHR,Whirlpool Corp,NYSE,USA,IDX_SP500,SEC_CD,IND_HH_DUR,15000000000,Large Cap,Value,"Home Appliances,Consumer Durables","Value,Cyclical,Industry Leader",Electrodomésticos para el hogar a nivel global
ELUXY,Electrolux AB ADR,OTC,USA,,SEC_CD,IND_HH_DUR,25000000000,Large Cap,Blend,"Home Appliances,Consumer Durables","Global Brand,Cyclical",Fabricante global de electrodomésticos y productos para el hogar
FBIN,Fortune Brands Innovations Inc,NYSE,USA,IDX_SP500,SEC_CD,IND_HH_DUR,11000000000,Mid Cap,Blend,Home & Security Products,"Stable Demand,Quality","Productos para el hogar, seguridad y mejoras residenciales"
TPX,Tempur Sealy International Inc,NYSE,USA,IDX_SP500,SEC_CD,IND_HH_DUR,17000000000,Large Cap,Blend,"Home Furnishings,Mattresses","Brand Power,Consumer Cyclical",Colchones y productos de descanso premium
NWL,Newell Brands Inc,NASDAQ,USA,IDX_SP500,SEC_CD,IND_HH_DUR,9000000000,Mid Cap,Value,"Consumer Products,Home Goods","Value,Turnaround",Productos durables para el hogar y consumo
NKE,Nike Inc,NYSE,USA,IDX_SP500,SEC_CD,IND_LEIS_PROD,180000000000,Large Cap,Growth,"Apparel,Footwear,Brand Platform","Blue Chip,Global Brand,Consumer Leader",Ropa deportiva y calzado con marca líder mundial
ADDYY,adidas AG ADR,OTC,USA,,SEC_CD,IND_LEIS_PROD,160000000000,Large Cap,Blend,"Apparel,Footwear","Global Brand,Consumer Cyclical",Fabricante global de ropa y calzado deportivo
HAS,Hasbro Inc,NASDAQ,USA,IDX_SP500,SEC_CD,IND_LEIS_PROD,9000000000,Mid Cap,Value,"Toys,Entertainment","Value,Cyclical,Families","Juguetes, juegos y entretenimiento infantil"
MAT,Mattel Inc,NASDAQ,USA,IDX_SP500,SEC_CD,IND_LEIS_PROD,12000000000,Mid Cap,Blend,"Toys,Entertainment","Brand Revival,Cyclical",Juguetes y marcas icónicas de entretenimiento
YETI,YETI Holdings Inc,NYSE,USA,IDX_SP500,SEC_CD,IND_LEIS_PROD,11000000000,Mid Cap,Growth,"Outdoor Products,Premium Brand","Growth,Premium Consumer",Productos premium para actividades al aire libre
LVMUY,LVMH Moët Hennessy Louis Vuitton ADR,OTC,USA,,SEC_CD,IND_TEXTILE,450000000000,Mega Cap,Blend,"Luxury Goods,Brand Portfolio","Blue Chip,Mega Cap,Luxury Leader",Conglomerado líder mundial de marcas de lujo
NKE,Nike Inc,NYSE,USA,IDX_SP500,SEC_CD,IND_TEXTILE,180000000000,Large Cap,Growth,"Apparel,Footwear,Brand Platform","Blue Chip,Global Brand,Retail Power",Ropa y calzado deportivo con marca líder
MC.P,L'Oréal SA,OTC,USA,,SEC_CD,IND_TEXTILE,250000000000,Large Cap,Blend,"Cosmetics,Luxury Brands","Defensive Luxury,Global Brand",Cosmética y cuidado personal premium
KER.P,Kering SA,OTC,USA,,SEC_CD,IND_TEXTILE,100000000000,Large Cap,Blend,"Luxury Fashion,Brand Portfolio","Luxury,Global Brands","Moda y accesorios de lujo (Gucci, YSL)"
VFC,VF Corp,NYSE,USA,IDX_SP500,SEC_CD,IND_TEXTILE,20000000000,Large Cap,Value,"Apparel,Outdoor Brands","Value,Turnaround,Retail Exposure","Marcas de ropa y outdoor (Vans, The North Face)"
MCD,McDonald's Corp,NYSE,USA,IDX_SP500,SEC_CD,IND_HOTEL,210000000000,Large Cap,Blend,"Restaurants,Franchising","Blue Chip,Defensive Consumer,Dividend",Cadena global de restaurantes con modelo de franquicias
SBUX,Starbucks Corp,NASDAQ,USA,IDX_SP500,SEC_CD,IND_HOTEL,110000000000,Large Cap,Growth,"Coffeehouses,Brand Platform","Global Brand,Growth,Consumer Leader",Cadena global de cafeterías premium
MAR,Marriott International Inc,NYSE,USA,IDX_SP500,SEC_CD,IND_HOTEL,75000000000,Large Cap,Blend,"Hotels,Asset-Light","Model Asset-Light,Travel Exposure",Operador hotelero global con marcas premium
HLT,Hilton Worldwide Holdings Inc,NYSE,USA,IDX_SP500,SEC_CD,IND_HOTEL,65000000000,Large Cap,Blend,"Hotels,Asset-Light","Global Hotel Brand,Travel Cycle",Cadena hotelera global con modelo de franquicias
CMG,Chipotle Mexican Grill Inc,NYSE,USA,IDX_SP500,SEC_CD,IND_HOTEL,80000000000,Large Cap,Growth,"Restaurants,Fast Casual","Growth,Brand Power",Cadena de restaurantes fast-casual con fuerte crecimiento
BKNG,Booking Holdings Inc,NASDAQ,USA,IDX_SP500,SEC_CD,IND_DIV_CONS,140000000000,Large Cap,Growth,Online Travel Platforms,"Blue Chip,Asset-Light,Travel Leader","Plataforma global líder en reservas de viajes (Booking, Priceline)"
ABNB,Airbnb Inc,NASDAQ,USA,IDX_SP500,SEC_CD,IND_DIV_CONS,100000000000,Large Cap,Growth,"Marketplace,Travel Services","Growth,Platform Economy",Marketplace global de alojamientos y experiencias
EXPE,Expedia Group Inc,NASDAQ,USA,IDX_SP500,SEC_CD,IND_DIV_CONS,30000000000,Large Cap,Blend,Online Travel Services,"Travel Cycle,Platform",Agregador global de servicios de viajes online
TCOM,Trip.com Group Ltd ADR,NASDAQ,USA,,SEC_CD,IND_DIV_CONS,45000000000,Large Cap,Growth,Online Travel Services,"China Exposure,Growth",Plataforma líder de viajes en Asia (ADR)
IAC,IAC Inc,NASDAQ,USA,,SEC_CD,IND_DIV_CONS,35000000000,Mid Cap,Blend,Internet Consumer Services,"Platform Holding,Optionality","Holding de servicios digitales al consumidor (Angi, Care, etc.)"
AMZN,Amazon.com Inc,NASDAQ,USA,IDX_SP500,SEC_CD,IND_SPEC_RET,1800000000000,Mega Cap,Growth,"E-commerce,Platform,Logistics","Blue Chip,Mega Cap,Platform Leader",Plataforma líder de comercio electrónico y logística
HD,Home Depot Inc,NYSE,USA,IDX_SP500,SEC_CD,IND_SPEC_RET,350000000000,Large Cap,Blend,Home Improvement Retail,"Blue Chip,Defensive Retail",Líder en retail de mejoras para el hogar
LOW,Lowe's Companies Inc,NYSE,USA,IDX_SP500,SEC_CD,IND_SPEC_RET,220000000000,Large Cap,Blend,Home Improvement Retail,"Blue Chip,Cash Flow",Retail de mejoras para el hogar
TSCO,Tractor Supply Co,NASDAQ,USA,IDX_SP500,SEC_CD,IND_SPEC_RET,130000000000,Large Cap,Growth,Rural Lifestyle Retail,"Niche Leader,Stable Demand",Retail especializado en estilo de vida rural
BBY,Best Buy Co Inc,NYSE,USA,IDX_SP500,SEC_CD,IND_SPEC_RET,150000000000,Large Cap,Value,Consumer Electronics Retail,"Value,Cyclical",Retail especializado en electrónica de consumo
WMT,Walmart Inc,NYSE,USA,IDX_SP500,SEC_CD,IND_BROAD_RET,430000000000,Large Cap,Blend,"Broadline Retail,Omnichannel","Blue Chip,Defensive Retail",Retail masivo global con fuerte presencia omnicanal
COST,Costco Wholesale Corp,NASDAQ,USA,IDX_SP500,SEC_CD,IND_BROAD_RET,360000000000,Large Cap,Blend,"Membership Retail,Bulk Sales","Blue Chip,High Quality",Retail de membresía con márgenes estables y alta fidelidad
TGT,Target Corp,NYSE,USA,IDX_SP500,SEC_CD,IND_BROAD_RET,70000000000,Large Cap,Value,"Broadline Retail,Private Labels","Value,Cyclical",Retail general con marcas propias y enfoque en experiencia
BABA,Alibaba Group Holding Ltd ADR,NYSE,USA,,SEC_CD,IND_BROAD_RET,200000000000,Large Cap,Growth,"E-commerce,Marketplace","China Exposure,Platform",Plataforma líder de comercio electrónico en China (ADR)
JD,JD.com Inc ADR,NASDAQ,USA,,SEC_CD,IND_BROAD_RET,60000000000,Large Cap,Growth,"E-commerce,Logistics","China Exposure,Logistics Focus",Retail online con fuerte infraestructura logística (ADR)
WMT,Walmart Inc,NYSE,USA,IDX_SP500,SEC_CS,IND_FOOD_RET,430000000000,Large Cap,Blend,"Food Retail,Omnichannel","Blue Chip,Defensive Retail",Retail líder mundial en alimentos y productos básicos
COST,Costco Wholesale Corp,NASDAQ,USA,IDX_SP500,SEC_CS,IND_FOOD_RET,360000000000,Large Cap,Blend,"Membership Retail,Staples","Blue Chip,High Quality,Defensive",Retail de alimentos y básicos con modelo de membresía
KR,Kroger Co,NYSE,USA,IDX_SP500,SEC_CS,IND_FOOD_RET,45000000000,Large Cap,Blend,"Grocery Retail,Private Labels","Defensive,Stable Cash Flow",Cadena líder de supermercados en EE. UU.
ACI,Albertsons Companies Inc,NYSE,USA,IDX_SP500,SEC_CS,IND_FOOD_RET,30000000000,Large Cap,Blend,"Grocery Retail,Staples","Defensive,Regional Leader",Supermercados y retail de alimentos en EE. UU.
SFM,Sprouts Farmers Market Inc,NASDAQ,USA,IDX_SP500,SEC_CS,IND_FOOD_RET,8000000000,Mid Cap,Growth,Natural & Organic Grocery,"Growth,Niche Retail",Retail especializado en alimentos naturales y orgánicos
NESN,Societe des Produits Nestlé SA ADR,OTC,USA,,SEC_CS,IND_FOOD_PROD,330000000000,Large Cap,Blend,"Packaged Food,Global Brands","Blue Chip,Defensive,Global Leader",Alimentos y bebidas con marcas líderes a nivel mundial
PEP,PepsiCo Inc,NASDAQ,USA,IDX_SP500,SEC_CS,IND_FOOD_PROD,260000000000,Large Cap,Blend,"Food & Beverages,CPG","Blue Chip,Defensive,Dividend",Alimentos y snacks con distribución global
MDLZ,Mondelez International Inc,NASDAQ,USA,IDX_SP500,SEC_CS,IND_FOOD_PROD,110000000000,Large Cap,Blend,"Packaged Food,Snacks","Global Brand,Defensive","Alimentos y snacks empaquetados (Oreo, Cadbury)"
GIS,General Mills Inc,NYSE,USA,IDX_SP500,SEC_CS,IND_FOOD_PROD,40000000000,Large Cap,Blend,"Packaged Food,Staples","Defensive,Stable Cash Flow",Alimentos procesados y marcas básicas
K,Kellanova (ex Kellogg's),NYSE,USA,IDX_SP500,SEC_CS,IND_FOOD_PROD,25000000000,Large Cap,Blend,"Packaged Food,Snacks","Defensive,Brand Power",Alimentos y snacks con marcas históricas
KO,The Coca-Cola Co,NYSE,USA,IDX_SP500,SEC_CS,IND_BEV,270000000000,Large Cap,Blend,"Beverages,Brand Licensing","Blue Chip,Defensive,Global Brand",Bebidas no alcohólicas con marcas líderes a nivel mundial
KDP,Keurig Dr Pepper Inc,NASDAQ,USA,IDX_SP500,SEC_CS,IND_BEV,50000000000,Large Cap,Blend,"Beverages,At-Home Consumption","Defensive,Stable Cash Flow",Bebidas y sistemas de café para consumo en el hogar
MNST,Monster Beverage Corp,NASDAQ,USA,IDX_SP500,SEC_CS,IND_BEV,55000000000,Large Cap,Growth,"Energy Drinks,Growth Brands","Growth,High Margin",Bebidas energéticas con fuerte crecimiento y márgenes altos
STZ,Constellation Brands Inc,NYSE,USA,IDX_SP500,SEC_CS,IND_BEV,45000000000,Large Cap,Blend,"Alcoholic Beverages,Premium Brands","Defensive,Premium Alcohol","Cervezas, vinos y licores premium (Corona, Modelo)"
TAP,Molson Coors Beverage Co,NYSE,USA,IDX_SP500,SEC_CS,IND_BEV,12000000000,Large Cap,Value,"Alcoholic Beverages,Beer","Value,Dividend",Productor global de cerveza con marcas históricas
PM,Philip Morris International Inc,NYSE,USA,IDX_SP500,SEC_CS,IND_TOB,170000000000,Large Cap,Blend,"Tobacco,Reduced Risk Products","Blue Chip,Defensive,High Dividend",Productor global de tabaco y productos de riesgo reducido (IQOS)
MO,Altria Group Inc,NYSE,USA,IDX_SP500,SEC_CS,IND_TOB,80000000000,Large Cap,Value,"Tobacco,US Market","Defensive,High Dividend",Tabaco líder en EE. UU. con fuerte generación de caja
BTI,British American Tobacco plc ADR,NYSE,USA,IDX_SP500,SEC_CS,IND_TOB,90000000000,Large Cap,Value,"Tobacco,Global Brands","Defensive,High Yield",Productor global de tabaco con marcas internacionales
IMBBY,Imperial Brands PLC ADR,OTC,USA,,SEC_CS,IND_TOB,30000000000,Large Cap,Value,"Tobacco,Global Brands","Value,High Dividend",Productor internacional de tabaco y nicotina
JAPAY,Japan Tobacco Inc ADR,OTC,USA,,SEC_CS,IND_TOB,60000000000,Large Cap,Blend,"Tobacco,Pharmaceuticals","Defensive,Stable Cash Flow",Grupo japonés de tabaco con diversificación farmacéutica
PG,Procter & Gamble Co,NYSE,USA,IDX_SP500,SEC_CS,IND_HH_PROD,360000000000,Large Cap,Blend,"Household Products,CPG","Blue Chip,Defensive,Dividend","Productos de limpieza, cuidado personal y marcas líderes globales"
CL,Colgate-Palmolive Co,NYSE,USA,IDX_SP500,SEC_CS,IND_HH_PROD,140000000000,Large Cap,Blend,Household & Personal Care,"Blue Chip,Defensive,Global Brand","Higiene oral, cuidado personal y del hogar"
KMB,Kimberly-Clark Corp,NYSE,USA,IDX_SP500,SEC_CS,IND_HH_PROD,120000000000,Large Cap,Value,"Paper Products,Household Essentials","Defensive,Stable Cash Flow","Productos de papel y cuidado personal (Huggies, Kleenex)"
CHD,Church & Dwight Co Inc,NYSE,USA,IDX_SP500,SEC_CS,IND_HH_PROD,25000000000,Large Cap,Growth,Household & Personal Care,"Growth,Brand Power",Productos de consumo con marcas fuertes (Arm & Hammer)
RBGLY,Reckitt Benckiser Group PLC ADR,OTC,USA,,SEC_CS,IND_HH_PROD,110000000000,Large Cap,Blend,"Household Products,Health & Hygiene","Defensive,Global Brands","Productos de higiene, limpieza y salud (Dettol, Lysol)"
EL,Estée Lauder Companies Inc,NYSE,USA,IDX_SP500,SEC_CS,IND_PERS_PROD,140000000000,Large Cap,Growth,"Personal Care,Cosmetics","Global Brand,Growth,Premium",Cosmética y cuidado personal premium a nivel global
PG,Procter & Gamble Co,NYSE,USA,IDX_SP500,SEC_CS,IND_PERS_PROD,360000000000,Large Cap,Blend,"Personal Care,CPG","Blue Chip,Defensive,Dividend",Cuidado personal y marcas líderes de consumo diario
CL,Colgate-Palmolive Co,NYSE,USA,IDX_SP500,SEC_CS,IND_PERS_PROD,140000000000,Large Cap,Blend,"Personal Care,Oral Hygiene","Blue Chip,Defensive,Global Brand",Higiene oral y cuidado personal con presencia global
RBGLY,Reckitt Benckiser Group PLC ADR,OTC,USA,,SEC_CS,IND_PERS_PROD,110000000000,Large Cap,Blend,"Personal Care,Health & Hygiene","Defensive,Global Brands","Cuidado personal, higiene y productos de salud"
KMB,Kimberly-Clark Corp,NYSE,USA,IDX_SP500,SEC_CS,IND_PERS_PROD,120000000000,Large Cap,Value,"Personal Care,Paper Products","Defensive,Stable Cash Flow",Cuidado personal y productos de higiene diaria
XOM,Exxon Mobil Corp,NYSE,USA,IDX_SP500,SEC_EN,IND_OIL_GAS,500000000000,Mega Cap,Blend,Integrated Oil & Gas,"Blue Chip,Mega Cap,Defensive,Dividend",Productor integrado global de petróleo y gas
CVX,Chevron Corp,NYSE,USA,IDX_SP500,SEC_EN,IND_OIL_GAS,300000000000,Large Cap,Blend,Integrated Oil & Gas,"Blue Chip,Defensive,Dividend",Productor integrado de petróleo y gas con fuerte disciplina de capital
COP,ConocoPhillips,NYSE,USA,IDX_SP500,SEC_EN,IND_OIL_GAS,160000000000,Large Cap,Blend,Exploration & Production,"Cash Flow,Upstream Pure Play",Productor upstream global de petróleo y gas
SHEL,Shell plc ADR,NYSE,USA,,SEC_EN,IND_OIL_GAS,210000000000,Large Cap,Blend,Integrated Oil & Gas,"Global Major,Dividend",Productor integrado global con foco en transición energética
BP,BP plc ADR,NYSE,USA,,SEC_EN,IND_OIL_GAS,110000000000,Large Cap,Blend,Integrated Oil & Gas,"Value,Dividend",Productor integrado global de petróleo y gas
SLB,SLB (Schlumberger Ltd),NYSE,USA,IDX_SP500,SEC_EN,IND_EN_SERV,80000000000,Large Cap,Blend,"Oilfield Services,Technology","Blue Chip,Industry Leader",Servicios y tecnología para exploración y producción de petróleo y gas
HAL,Halliburton Co,NYSE,USA,IDX_SP500,SEC_EN,IND_EN_SERV,40000000000,Large Cap,Blend,"Oilfield Services,Completion","Cyclical,Upstream Exposure",Servicios de perforación y completación de pozos
BKR,Baker Hughes Co,NASDAQ,USA,IDX_SP500,SEC_EN,IND_EN_SERV,35000000000,Large Cap,Blend,"Oilfield Services,Energy Technology","Energy Transition,Technology Focus","Servicios energéticos y tecnología para petróleo, gas y nuevas energías"
NOV,NOV Inc,NYSE,USA,IDX_SP500,SEC_EN,IND_EN_SERV,20000000000,Large Cap,Value,"Energy Equipment,Offshore & Onshore","Value,Cyclical",Equipos para perforación y producción energética
WFRD,Weatherford International plc,NASDAQ,USA,,SEC_EN,IND_EN_SERV,15000000000,Mid Cap,Value,Oilfield Services,"Turnaround,High Beta",Servicios petroleros con foco en eficiencia operativa
RTX,RTX Corp,NYSE,USA,IDX_SP500,SEC_IND,IND_AERO,160000000000,Large Cap,Blend,"Aerospace Systems,Defense","Blue Chip,Defense Leader","Plataforma aeroespacial y defensa (Pratt & Whitney, Collins, Raytheon)"
LMT,Lockheed Martin Corp,NYSE,USA,IDX_SP500,SEC_IND,IND_AERO,110000000000,Large Cap,Blend,Defense Systems,"Blue Chip,Defense Pure Play",Líder en sistemas de defensa y aeronáutica militar
BA,Boeing Co,NYSE,USA,IDX_SP500,SEC_IND,IND_AERO,120000000000,Large Cap,Blend,"Commercial Aerospace,Defense","Cyclical,Turnaround",Fabricante aeroespacial con exposición comercial y defensa
NOC,Northrop Grumman Corp,NYSE,USA,IDX_SP500,SEC_IND,IND_AERO,75000000000,Large Cap,Blend,"Defense Systems,Space","Defense,Space Exposure",Sistemas avanzados de defensa y tecnología espacial
GD,General Dynamics Corp,NYSE,USA,IDX_SP500,SEC_IND,IND_AERO,70000000000,Large Cap,Blend,"Defense Systems,Aerospace","Blue Chip,Defense & Aerospace","Sistemas de defensa, aeroespacial y tecnología naval"
JCI,Johnson Controls International plc,NYSE,USA,IDX_SP500,SEC_IND,IND_BUILD_PROD,70000000000,Large Cap,Blend,"Building Systems,HVAC,Automation","Blue Chip,Smart Buildings","Líder en sistemas inteligentes, HVAC y automatización de edificios"
TT,Trane Technologies plc,NYSE,USA,IDX_SP500,SEC_IND,IND_BUILD_PROD,90000000000,Large Cap,Growth,"HVAC,Energy Efficiency","High Quality,Energy Efficiency",Soluciones de climatización y eficiencia energética para edificios
MAS,Masco Corp,NYSE,USA,IDX_SP500,SEC_IND,IND_BUILD_PROD,20000000000,Large Cap,Blend,"Plumbing Products,Home Improvement","Cyclical,Brand Power","Productos de plomería y mejoras del hogar (Delta, Behr)"
VMC,Vulcan Materials Co,NYSE,USA,IDX_SP500,SEC_IND,IND_BUILD_PROD,35000000000,Large Cap,Blend,"Construction Materials,Aggregates","Infrastructure Play,Stable Demand",Agregados y materiales de construcción para infraestructura
MLM,Martin Marietta Materials Inc,NYSE,USA,IDX_SP500,SEC_IND,IND_BUILD_PROD,40000000000,Large Cap,Blend,"Construction Materials,Aggregates","Blue Chip,Infrastructure",Materiales de construcción y agregados para proyectos civiles
ACM,AECOM,NYSE,USA,IDX_SP500,SEC_IND,IND_CONST_ENG,20000000000,Large Cap,Blend,"Engineering,Infrastructure Services","Blue Chip,Infrastructure Leader","Ingeniería, diseño y gestión de proyectos de infraestructura global"
FLR,Fluor Corp,NYSE,USA,IDX_SP500,SEC_IND,IND_CONST_ENG,6000000000,Mid Cap,Blend,"Engineering,Construction,Energy","Value,Turnaround","Construcción e ingeniería para energía, química e infraestructura"
J,Jacobs Solutions Inc,NYSE,USA,IDX_SP500,SEC_IND,IND_CONST_ENG,18000000000,Large Cap,Blend,"Engineering,Government Services","High Quality,Government Exposure",Servicios de ingeniería y consultoría para gobierno e infraestructura
KBR,KBR Inc,NYSE,USA,IDX_SP500,SEC_IND,IND_CONST_ENG,9000000000,Mid Cap,Blend,"Engineering,Defense,Energy","Defense Exposure,Stable Contracts","Ingeniería y servicios para defensa, energía y gobierno"
MTZ,MasTec Inc,NYSE,USA,IDX_SP500,SEC_IND,IND_CONST_ENG,12000000000,Mid Cap,Growth,"Infrastructure Construction,Growth Markets","Growth,Energy Transition","Construcción de infraestructura para energía, telecom y utilities"
ETN,Eaton Corp plc,NYSE,USA,IDX_SP500,SEC_IND,IND_ELEC_EQIP,130000000000,Large Cap,Blend,"Electrical Equipment,Power Management","Blue Chip,Infrastructure,Quality","Gestión de energía eléctrica, equipos industriales y data centers"
ABB,ABB Ltd ADR,NYSE,USA,IDX_SP500,SEC_IND,IND_ELEC_EQIP,90000000000,Large Cap,Blend,"Electrical Equipment,Automation","Blue Chip,Industrial Automation",Equipos eléctricos y automatización industrial global
EMR,Emerson Electric Co,NYSE,USA,IDX_SP500,SEC_IND,IND_ELEC_EQIP,70000000000,Large Cap,Blend,"Process Automation,Electrical Equipment","Blue Chip,Industrial Software",Automatización de procesos y soluciones eléctricas industriales
ROK,Rockwell Automation Inc,NYSE,USA,IDX_SP500,SEC_IND,IND_ELEC_EQIP,35000000000,Large Cap,Growth,"Industrial Automation,Electrical Controls","High Quality,Automation Leader",Automatización industrial y control eléctrico
SUZ,Schneider Electric SE ADR,OTC,USA,,SEC_IND,IND_ELEC_EQIP,140000000000,Large Cap,Blend,"Energy Management,Electrical Equipment","Blue Chip,Energy Efficiency",Gestión energética y automatización para edificios e industria
GE,General Electric Co,NYSE,USA,IDX_SP500,SEC_IND,IND_CONG,180000000000,Large Cap,Blend,"Industrial Technology,Energy,Aerospace","Blue Chip,Turnaround,Industrial Core","Conglomerado industrial con foco en energía, aeroespacial y electrificación"
HON,Honeywell International Inc,NYSE,USA,IDX_SP500,SEC_IND,IND_CONG,140000000000,Large Cap,Blend,"Industrial Technology,Automation","Blue Chip,High Quality","Conglomerado industrial con automatización, aeroespacial y safety"
MMM,3M Co,NYSE,USA,IDX_SP500,SEC_IND,IND_CONG,65000000000,Large Cap,Value,"Industrial Products,Innovation","Value,Dividend,Turnaround",Conglomerado industrial diversificado con fuerte portafolio de productos
ITW,Illinois Tool Works Inc,NYSE,USA,IDX_SP500,SEC_IND,IND_CONG,75000000000,Large Cap,Blend,"Industrial Tools,Manufacturing","Blue Chip,High Margin",Conglomerado industrial con herramientas y soluciones de manufactura
SIEGY,Siemens AG ADR,OTC,USA,,SEC_IND,IND_CONG,130000000000,Large Cap,Blend,"Industrial Automation,Digital Industries",Global Industrial Leader,Conglomerado industrial enfocado en automatización y digitalización
CAT,Caterpillar Inc,NYSE,USA,IDX_SP500,SEC_IND,IND_MACH,150000000000,Large Cap,Blend,"Heavy Machinery,Construction Equipment","Blue Chip,Infrastructure,Cyclical","Maquinaria pesada para construcción, minería y energía"
DE,Deere & Co,NYSE,USA,IDX_SP500,SEC_IND,IND_MACH,120000000000,Large Cap,Blend,"Agricultural Machinery,Precision Ag","Blue Chip,AgTech,Quality",Maquinaria agrícola y tecnología de precisión
PCAR,PACCAR Inc,NASDAQ,USA,IDX_SP500,SEC_IND,IND_MACH,45000000000,Large Cap,Blend,"Industrial Machinery,Trucks","High Quality,Stable Demand",Fabricante de camiones pesados y motores
CNH,CNH Industrial NV,NYSE,USA,IDX_SP500,SEC_IND,IND_MACH,18000000000,Large Cap,Blend,Agricultural & Construction Machinery,"Cyclical,Global OEM","Maquinaria agrícola y de construcción (Case, New Holland)"
IR,Ingersoll Rand Inc,NYSE,USA,IDX_SP500,SEC_IND,IND_MACH,35000000000,Large Cap,Blend,"Industrial Machinery,Compression","Quality,Industrial Compounding",Equipos industriales y sistemas de aire y fluidos
FAST,Fastenal Co,NASDAQ,USA,IDX_SP500,SEC_IND,IND_TRADING,85000000000,Large Cap,Blend,"Industrial Distribution,Fasteners","Blue Chip,High Quality,Defensive Industrial",Distribuidor líder de suministros industriales y soluciones logísticas
GPC,Genuine Parts Co,NYSE,USA,IDX_SP500,SEC_IND,IND_TRADING,23000000000,Large Cap,Blend,Automotive & Industrial Distribution,"Defensive,Stable Cash Flow",Distribución de autopartes e insumos industriales (NAPA)
WCC,WESCO International Inc,NYSE,USA,IDX_SP500,SEC_IND,IND_TRADING,28000000000,Large Cap,Blend,Electrical & Industrial Distribution,Infrastructure Exposure,"Distribuidor de equipos eléctricos, industriales y data centers"
AIT,Applied Industrial Technologies Inc,NYSE,USA,IDX_SP500,SEC_IND,IND_TRADING,20000000000,Large Cap,Blend,Industrial Parts Distribution,"High Margin,Niche Leader",Distribución de componentes industriales y soluciones técnicas
MSM,MSC Industrial Direct Co,NYSE,USA,IDX_SP500,SEC_IND,IND_TRADING,15000000000,Large Cap,Blend,Metalworking & MRO Distribution,Defensive Industrial,Distribución de suministros MRO y metalmecánica
RSG,Republic Services Inc,NYSE,USA,IDX_SP500,SEC_IND,IND_COM_SERV,75000000000,Large Cap,Blend,"Waste Management,Environmental Services","Blue Chip,Defensive,Infrastructure",Servicios de recolección y gestión de residuos
WM,Waste Management Inc,NYSE,USA,IDX_SP500,SEC_IND,IND_COM_SERV,200000000000,Large Cap,Blend,"Waste Management,Environmental Services","Blue Chip,Defensive,High Moat",Gestión de residuos y servicios ambientales integrados
CPRT,Copart Inc,NASDAQ,USA,IDX_SP500,SEC_IND,IND_COM_SERV,55000000000,Large Cap,Growth,"Online Auctions,Automotive Services","Growth,Asset-Light",Subastas online de vehículos y activos
CTAS,Cintas Corp,NASDAQ,USA,IDX_SP500,SEC_IND,IND_COM_SERV,70000000000,Large Cap,Growth,"Uniform Rental,Business Services","High Quality,Recurring Revenue",Servicios corporativos y alquiler de uniformes
VRSK,Verisk Analytics Inc,NASDAQ,USA,IDX_SP500,SEC_IND,IND_COM_SERV,40000000000,Large Cap,Blend,"Data Analytics,Business Services","High Moat,Data Driven",Analítica de datos para seguros y negocios
BAH,Booz Allen Hamilton Holding Corp,NYSE,USA,IDX_SP500,SEC_IND,IND_PRO_SERV,25000000000,Large Cap,Blend,"Consulting,Government Services","Defense Exposure,Stable Contracts",Consultoría estratégica y tecnológica con fuerte exposición a gobierno y defensa
FCN,FTI Consulting Inc,NYSE,USA,IDX_SP500,SEC_IND,IND_PRO_SERV,7000000000,Mid Cap,Blend,"Advisory,Restructuring","High Margin,Event Driven","Consultoría en reestructuración, forense y gestión de crisis"
RHI,Robert Half Inc,NYSE,USA,IDX_SP500,SEC_IND,IND_PRO_SERV,9000000000,Mid Cap,Blend,"Staffing,Professional Talent","Cyclical,Human Capital",Servicios de reclutamiento y talento profesional
HURN,Huron Consulting Group Inc,NASDAQ,USA,,SEC_IND,IND_PRO_SERV,4000000000,Small Cap,Growth,Management Consulting,"Growth,Niche Focus",Consultoría en transformación operativa y financiera
ICFI,ICF International Inc,NASDAQ,USA,,SEC_IND,IND_PRO_SERV,3500000000,Small Cap,Blend,"Consulting,Energy & Government","Niche Leader,Policy Exposure","Consultoría en energía, medio ambiente y políticas públicas"
UPS,United Parcel Service Inc,NYSE,USA,IDX_SP500,SEC_IND,IND_AIR_FREIGHT,150000000000,Large Cap,Blend,"Parcel Delivery,Logistics","Blue Chip,Global Logistics",Líder global en paquetería y logística integrada
FDX,FedEx Corp,NYSE,USA,IDX_SP500,SEC_IND,IND_AIR_FREIGHT,70000000000,Large Cap,Blend,"Air Freight,Ground Logistics","Global Network,Cyclical",Red global de transporte aéreo y terrestre
DHLY,Deutsche Post DHL Group ADR,OTC,USA,,SEC_IND,IND_AIR_FREIGHT,120000000000,Large Cap,Blend,"Global Logistics,Supply Chain","Blue Chip,Global Leader",Operador logístico global líder (DHL)
EXPD,Expeditors International of Washington Inc,NYSE,USA,IDX_SP500,SEC_IND,IND_AIR_FREIGHT,35000000000,Large Cap,Blend,"Freight Forwarding,Asset-Light","High Quality,Asset-Light",Forwarder global de carga aérea y marítima
CHRW,C.H. Robinson Worldwide Inc,NASDAQ,USA,IDX_SP500,SEC_IND,IND_AIR_FREIGHT,15000000000,Large Cap,Value,"Freight Brokerage,Logistics","Value,Cyclical",Broker de transporte y logística multimodal
DAL,Delta Air Lines Inc,NYSE,USA,IDX_SP500,SEC_IND,IND_AIRLINES,35000000000,Large Cap,Blend,Passenger Airlines,"Global Network,Quality Operator",Aerolínea global con fuerte enfoque en rutas premium y eficiencia operativa
UAL,United Airlines Holdings Inc,NASDAQ,USA,IDX_SP500,SEC_IND,IND_AIRLINES,30000000000,Large Cap,Blend,Passenger Airlines,Global Hub Network,Aerolínea con amplia red internacional y hubs estratégicos
AAL,American Airlines Group Inc,NASDAQ,USA,IDX_SP500,SEC_IND,IND_AIRLINES,25000000000,Large Cap,Value,Passenger Airlines,"High Leverage,Cyclical",Aerolínea de gran escala con alta sensibilidad al ciclo económico
LUV,Southwest Airlines Co,NYSE,USA,IDX_SP500,SEC_IND,IND_AIRLINES,18000000000,Large Cap,Blend,Low-Cost Airlines,"Low Cost,Domestic Focus",Aerolínea de bajo costo enfocada en mercado doméstico EE. UU.
RYAAY,Ryanair Holdings plc ADR,NASDAQ,USA,,SEC_IND,IND_AIRLINES,35000000000,Large Cap,Blend,Low-Cost Airlines,"Low Cost,Europe Exposure",Aerolínea líder de bajo costo en Europa (ADR)
MAERSK-B,A.P. Moller - Maersk A/S ADR,OTC,USA,,SEC_IND,IND_MARINE,35000000000,Large Cap,Value,"Container Shipping,Logistics","Global Leader,Cyclical",Mayor naviera de contenedores del mundo y operador logístico integrado
ZIM,ZIM Integrated Shipping Services Ltd,NYSE,USA,,SEC_IND,IND_MARINE,4000000000,Mid Cap,Value,Container Shipping,"High Volatility,Cyclical",Naviera de contenedores con alta sensibilidad a tarifas de flete
SBLK,Star Bulk Carriers Corp,NASDAQ,USA,,SEC_IND,IND_MARINE,3500000000,Mid Cap,Value,Dry Bulk Shipping,"Commodity Exposure,Cyclical","Transporte marítimo de graneles secos (minerales, granos)"
DAC,Danaos Corp,NYSE,USA,,SEC_IND,IND_MARINE,4500000000,Mid Cap,Value,"Container Shipping,Leasing","Value,Cash Flow",Propietario y operador de buques portacontenedores
ESEA,Euroseas Ltd,NASDAQ,USA,,SEC_IND,IND_MARINE,800000000,Small Cap,Value,Container Shipping,"High Risk,High Beta",Naviera de contenedores de menor escala
UNP,Union Pacific Corp,NYSE,USA,IDX_SP500,SEC_IND,IND_ROAD_RAIL,160000000000,Large Cap,Blend,"Railroads,Freight Transport","Blue Chip,High Moat,Infrastructure",Ferrocarril líder en EE. UU. con fuerte poder de fijación de precios
CSX,CSX Corp,NASDAQ,USA,IDX_SP500,SEC_IND,IND_ROAD_RAIL,130000000000,Large Cap,Blend,"Railroads,Freight Transport","Blue Chip,Efficiency Leader",Ferrocarril del este de EE. UU. con alta eficiencia operativa
NSC,Norfolk Southern Corp,NYSE,USA,IDX_SP500,SEC_IND,IND_ROAD_RAIL,60000000000,Large Cap,Blend,"Railroads,Freight Transport","Infrastructure,Cyclical",Ferrocarril con fuerte exposición industrial y agrícola
CP,Canadian Pacific Kansas City Ltd,NYSE,USA,IDX_SP500,SEC_IND,IND_ROAD_RAIL,90000000000,Large Cap,Blend,"Railroads,North America Network","High Quality,Strategic Network",Ferrocarril con red integrada Canadá–EE. UU.–México
JBHT,J.B. Hunt Transport Services Inc,NASDAQ,USA,IDX_SP500,SEC_IND,IND_ROAD_RAIL,20000000000,Large Cap,Blend,"Trucking,Intermodal Logistics","Intermodal Leader,Asset-Light",Transporte terrestre e intermodal con fuerte integración logística
AENA,Aena S.M. ADR,OTC,USA,,SEC_IND,IND_TRANS_INF,30000000000,Large Cap,Blend,"Airport Infrastructure,Concessions","High Moat,Defensive Infrastructure",Operador líder de aeropuertos con concesiones de largo plazo
FER,Ferrovial SE ADR,OTC,USA,,SEC_IND,IND_TRANS_INF,45000000000,Large Cap,Blend,"Transport Infrastructure,Concessions","High Quality,Infrastructure","Infraestructura de transporte, autopistas y aeropuertos con concesiones"
ATL,Aecom Transportation Infrastructure,NYSE,USA,,SEC_IND,IND_TRANS_INF,20000000000,Large Cap,Blend,Transport Infrastructure Services,Infrastructure Exposure,Servicios y activos relacionados con infraestructura de transporte
EEX,ENN Energy Holdings ADR,OTC,USA,,SEC_IND,IND_TRANS_INF,25000000000,Large Cap,Blend,"Infrastructure,Utilities Link",Stable Cash Flow,Infraestructura energética y de transporte con contratos regulados
Vinci,VINCI SA ADR,OTC,USA,,SEC_IND,IND_TRANS_INF,65000000000,Large Cap,Blend,"Transport Infrastructure,Concessions","Blue Chip,Infrastructure","Concesiones de autopistas, aeropuertos y obras civiles a largo plazo"
LIN,Linde plc,NYSE,USA,IDX_SP500,SEC_MAT,IND_CHEM,210000000000,Large Cap,Blend,"Industrial Gases,Specialty Chemicals","Blue Chip,High Moat,Defensive Industrial",Gases industriales y especiales con contratos de largo plazo
SHW,Sherwin-Williams Co,NYSE,USA,IDX_SP500,SEC_MAT,IND_CHEM,90000000000,Large Cap,Growth,"Coatings,Specialty Chemicals","Blue Chip,Brand Power",Recubrimientos y pinturas con fuerte poder de marca
ECL,Ecolab Inc,NYSE,USA,IDX_SP500,SEC_MAT,IND_CHEM,70000000000,Large Cap,Blend,"Specialty Chemicals,Water Treatment","Defensive,Recurring Revenue","Soluciones químicas para agua, higiene y procesos industriales"
DD,DuPont de Nemours Inc,NYSE,USA,IDX_SP500,SEC_MAT,IND_CHEM,35000000000,Large Cap,Blend,"Specialty Materials,Chemicals","Industrial Materials,Innovation",Materiales avanzados y químicos especializados
APD,Air Products and Chemicals Inc,NYSE,USA,IDX_SP500,SEC_MAT,IND_CHEM,60000000000,Large Cap,Blend,"Industrial Gases,Hydrogen","Blue Chip,Energy Transition",Gases industriales y soluciones para hidrógeno
CRH,CRH plc ADR,NYSE,USA,IDX_SP500,SEC_MAT,IND_CONST_MAT,80000000000,Large Cap,Blend,"Construction Materials,Aggregates","Blue Chip,Infrastructure Leader","Productor global de cemento, agregados y materiales de construcción"
MLM,Martin Marietta Materials Inc,NYSE,USA,IDX_SP500,SEC_MAT,IND_CONST_MAT,40000000000,Large Cap,Blend,"Aggregates,Construction Materials","Blue Chip,Infrastructure",Agregados y materiales para infraestructura y construcción
VMC,Vulcan Materials Co,NYSE,USA,IDX_SP500,SEC_MAT,IND_CONST_MAT,35000000000,Large Cap,Blend,"Aggregates,Construction Materials","High Quality,Infrastructure Play",Productor líder de agregados en EE. UU.
CX,CEMEX SAB de CV ADR,NYSE,USA,,SEC_MAT,IND_CONST_MAT,30000000000,Large Cap,Blend,"Cement,Construction Materials","Global Exposure,Cyclical",Productor global de cemento y concreto
EXP,Eagle Materials Inc,NYSE,USA,IDX_SP500,SEC_MAT,IND_CONST_MAT,8000000000,Mid Cap,Blend,"Cement,Wallboard","Cyclical,US Housing Exposure",Materiales de construcción con foco en EE. UU.
AMCR,Amcor plc,NYSE,USA,IDX_SP500,SEC_MAT,IND_CONT_PACK,30000000000,Large Cap,Blend,"Packaging,Flexible Packaging","Defensive,Staples Exposure","Envases flexibles y rígidos para alimentos, bebidas y consumo básico"
PKG,Packaging Corp of America,NYSE,USA,IDX_SP500,SEC_MAT,IND_CONT_PACK,35000000000,Large Cap,Blend,"Containerboard,Packaging","High Cash Flow,US Focus",Productor de cartón corrugado y soluciones de empaque
IP,International Paper Co,NYSE,USA,IDX_SP500,SEC_MAT,IND_CONT_PACK,18000000000,Large Cap,Value,Paper & Packaging,"Value,Cyclical",Papel y empaques para consumo e industria
BALL,Ball Corp,NYSE,USA,IDX_SP500,SEC_MAT,IND_CONT_PACK,25000000000,Large Cap,Blend,"Metal Packaging,Aluminum Cans","Defensive,Recycling Focus",Envases metálicos para bebidas con enfoque en reciclaje
SEE,Sealed Air Corp,NYSE,USA,IDX_SP500,SEC_MAT,IND_CONT_PACK,15000000000,Large Cap,Blend,"Protective Packaging,Food Packaging","Defensive,Food Exposure",Empaques protectores y para alimentos (Cryovac)
BHP,BHP Group Ltd ADR,NYSE,USA,,SEC_MAT,IND_MET_MIN,150000000000,Large Cap,Blend,Diversified Mining,"Global Leader,Commodity Exposure","Minera diversificada global (hierro, cobre, carbón, níquel)"
RIO,Rio Tinto Group ADR,NYSE,USA,,SEC_MAT,IND_MET_MIN,120000000000,Large Cap,Blend,Diversified Mining,"High Quality,Global Mining","Minera global enfocada en hierro, cobre y aluminio"
VALE,Vale SA ADR,NYSE,USA,,SEC_MAT,IND_MET_MIN,70000000000,Large Cap,Value,"Iron Ore,Base Metals","Cyclical,China Exposure",Productor líder de mineral de hierro y metales básicos
FCX,Freeport-McMoRan Inc,NYSE,USA,IDX_SP500,SEC_MAT,IND_MET_MIN,65000000000,Large Cap,Blend,Copper & Gold Mining,"Copper Play,Energy Transition",Productor líder de cobre y oro con alta sensibilidad a demanda industrial
NEM,Newmont Corp,NYSE,USA,IDX_SP500,SEC_MAT,IND_MET_MIN,45000000000,Large Cap,Blend,Gold Mining,"Defensive,Inflation Hedge",Mayor productor de oro del mundo
IP,International Paper Co,NYSE,USA,IDX_SP500,SEC_MAT,IND_PAPER,18000000000,Large Cap,Value,"Paper & Forest Products,Packaging","Value,Cyclical","Productor global de papel, cartón y productos forestales"
PKG,Packaging Corp of America,NYSE,USA,IDX_SP500,SEC_MAT,IND_PAPER,35000000000,Large Cap,Blend,"Containerboard,Paper Products","High Cash Flow,US Focus",Productos de papel y cartón para empaques
WY,Weyerhaeuser Co,NYSE,USA,IDX_SP500,SEC_MAT,IND_PAPER,30000000000,Large Cap,Blend,"Timber,Forest Products","Real Assets,Inflation Hedge",Productor forestal y madera con activos inmobiliarios
SUZ,Suzano SA ADR,NYSE,USA,,SEC_MAT,IND_PAPER,20000000000,Large Cap,Blend,Pulp & Paper,Global Exposure,Productor líder mundial de pulpa de celulosa
UPM,UPM-Kymmene Corp ADR,OTC,USA,,SEC_MAT,IND_PAPER,25000000000,Large Cap,Blend,"Paper,Forestry,Bio Products","European Leader,Sustainability","Productos forestales, papel y bioproductos"
VZ,Verizon Communications Inc,NYSE,USA,IDX_SP500,SEC_COMM,IND_WIRELESS,160000000000,Large Cap,Value,"Wireless Telecom,5G","Blue Chip,Defensive,Dividend",Operador líder de telecomunicaciones inalámbricas en EE. UU.
T,AT&T Inc,NYSE,USA,IDX_SP500,SEC_COMM,IND_WIRELESS,150000000000,Large Cap,Value,"Wireless Telecom,5G","Blue Chip,High Dividend",Servicios inalámbricos y telecomunicaciones con fuerte generación de caja
TMUS,T-Mobile US Inc,NASDAQ,USA,IDX_SP500,SEC_COMM,IND_WIRELESS,180000000000,Large Cap,Growth,"Wireless Telecom,5G","Growth,Market Share Gains",Operador inalámbrico con fuerte crecimiento y enfoque en 5G
AMX,America Movil SAB de CV ADR,NYSE,USA,,SEC_COMM,IND_WIRELESS,90000000000,Large Cap,Blend,"Wireless Telecom,Latin America","Global Leader,Emerging Markets",Operador líder de telecomunicaciones móviles en Latinoamérica
TEF,Telefonica SA ADR,NYSE,USA,,SEC_COMM,IND_WIRELESS,45000000000,Large Cap,Value,"Wireless Telecom,Europe","High Dividend,Europe Exposure",Operador de telecomunicaciones móviles con foco en Europa y LATAM
VZ,Verizon Communications Inc,NYSE,USA,IDX_SP500,SEC_COMM,IND_DIV_TEL,160000000000,Large Cap,Value,"Diversified Telecom,Wireless & Wireline","Blue Chip,Defensive,Dividend",Servicios integrados de telecomunicaciones inalámbricas y fijas
T,AT&T Inc,NYSE,USA,IDX_SP500,SEC_COMM,IND_DIV_TEL,150000000000,Large Cap,Value,"Diversified Telecom,Wireless & Fiber","Blue Chip,High Dividend",Telecomunicaciones integradas con foco en fibra y móvil
TMUS,T-Mobile US Inc,NASDAQ,USA,IDX_SP500,SEC_COMM,IND_DIV_TEL,180000000000,Large Cap,Growth,"Diversified Telecom,Wireless","Growth,Market Share Gains",Operador telecom integrado con fuerte crecimiento en EE. UU.
AMX,America Movil SAB de CV ADR,NYSE,USA,,SEC_COMM,IND_DIV_TEL,90000000000,Large Cap,Blend,"Diversified Telecom,Latin America","Global Leader,Emerging Markets",Telecomunicaciones móviles y fijas en Latinoamérica
TEF,Telefonica SA ADR,NYSE,USA,,SEC_COMM,IND_DIV_TEL,45000000000,Large Cap,Value,"Diversified Telecom,Europe & LATAM","High Dividend,Europe Exposure",Telecomunicaciones integradas en Europa y América Latina
DIS,The Walt Disney Co,NYSE,USA,IDX_SP500,SEC_COMM,IND_MEDIA,200000000000,Large Cap,Blend,"Media,Entertainment,Streaming","Blue Chip,Global Media","Contenido, parques temáticos y plataformas de streaming"
CMCSA,Comcast Corp,NASDAQ,USA,IDX_SP500,SEC_COMM,IND_MEDIA,170000000000,Large Cap,Blend,"Media,Cable,Streaming","Blue Chip,Cash Flow","Medios, cable y streaming (NBCUniversal)"
NFLX,Netflix Inc,NASDAQ,USA,IDX_SP500,SEC_COMM,IND_MEDIA,250000000000,Large Cap,Growth,Streaming Media,"Global Platform,Growth",Líder global en streaming de contenido
PARA,Paramount Global,NASDAQ,USA,IDX_SP500,SEC_COMM,IND_MEDIA,15000000000,Large Cap,Value,"Media,Streaming","Value,Turnaround","Medios tradicionales y streaming (CBS, Paramount+)"
WBD,Warner Bros Discovery Inc,NASDAQ,USA,IDX_SP500,SEC_COMM,IND_MEDIA,20000000000,Large Cap,Value,"Media,Streaming","Content Library,Turnaround","Contenido premium y plataformas de streaming (HBO, Warner Bros)"
LYV,Live Nation Entertainment Inc,NYSE,USA,IDX_SP500,SEC_COMM,IND_ENT,25000000000,Large Cap,Growth,"Live Entertainment,Ticketing","Global Leader,Growth",Producción de eventos en vivo y ticketing (Ticketmaster)
EDR,Endeavor Group Holdings Inc,NYSE,USA,,SEC_COMM,IND_ENT,12000000000,Large Cap,Blend,"Sports & Entertainment,Agency","Platform,Content & IP","Agencia global de deportes y entretenimiento (WME, UFC)"
SPHR,Sphere Entertainment Co,NYSE,USA,,SEC_COMM,IND_ENT,9000000000,Mid Cap,Growth,"Live Venues,Immersive Media","Experiential,Growth",Nuevos formatos de entretenimiento inmersivo (Sphere Las Vegas)
IMAX,IMAX Corp,NYSE,USA,,SEC_COMM,IND_ENT,9000000000,Mid Cap,Blend,"Theatrical Technology,Entertainment","Niche Leader,Content Leverage",Tecnología y formato premium para exhibición cinematográfica
MSGE,MSG Entertainment Corp,NYSE,USA,,SEC_COMM,IND_ENT,5000000000,Small Cap,Blend,"Live Entertainment,Venues","Asset Owner,Events",Operador de venues y eventos en vivo (Madison Square Garden)
GOOGL,Alphabet Inc Class A,NASDAQ,USA,IDX_SP500,SEC_COMM,IND_INTERACTIVE,1800000000000,Mega Cap,Growth,"Search,Digital Advertising,Platforms","Blue Chip,Mega Cap,Platform Leader","Buscador, publicidad digital, YouTube y ecosistema de servicios online"
META,Meta Platforms Inc,NASDAQ,USA,IDX_SP500,SEC_COMM,IND_INTERACTIVE,1200000000000,Mega Cap,Growth,"Social Media,Digital Advertising","Blue Chip,Platform,Network Effects","Redes sociales y plataformas digitales (Facebook, Instagram, WhatsApp)"
TTD,The Trade Desk Inc,NASDAQ,USA,IDX_SP500,SEC_COMM,IND_INTERACTIVE,45000000000,Large Cap,Growth,"Digital Advertising,Programmatic Ads","Growth,Asset-Light",Publicidad programática y tecnología de compra de anuncios
PINS,Pinterest Inc,NYSE,USA,IDX_SP500,SEC_COMM,IND_INTERACTIVE,25000000000,Large Cap,Growth,"Social Media,Visual Discovery","Platform,Growth",Plataforma de descubrimiento visual y publicidad digital
MTCH,Match Group Inc,NASDAQ,USA,IDX_SP500,SEC_COMM,IND_INTERACTIVE,10000000000,Large Cap,Blend,"Online Dating,Subscriptions","Recurring Revenue,Platform","Servicios de citas online por suscripción (Tinder, Hinge)"
NEE,NextEra Energy Inc,NYSE,USA,IDX_SP500,SEC_UTIL,IND_ELEC_UTIL,150000000000,Large Cap,Growth,"Electric Utilities,Renewables","Blue Chip,Clean Energy Leader",Utility eléctrica líder con fuerte foco en energías renovables
DUK,Duke Energy Corp,NYSE,USA,IDX_SP500,SEC_UTIL,IND_ELEC_UTIL,75000000000,Large Cap,Blend,"Electric Utilities,Regulated","Defensive,Stable Cash Flow",Utility eléctrica regulada con amplia presencia en EE. UU.
SO,Southern Co,NYSE,USA,IDX_SP500,SEC_UTIL,IND_ELEC_UTIL,70000000000,Large Cap,Blend,"Electric Utilities,Regulated","Blue Chip,Dividend",Generación y distribución eléctrica regulada en el sureste de EE. UU.
D,Dominion Energy Inc,NYSE,USA,IDX_SP500,SEC_UTIL,IND_ELEC_UTIL,50000000000,Large Cap,Value,"Electric Utilities,Regulated","Value,Dividend",Utility eléctrica regulada con enfoque en redes y generación
EXC,Exelon Corp,NASDAQ,USA,IDX_SP500,SEC_UTIL,IND_ELEC_UTIL,45000000000,Large Cap,Blend,"Electric Utilities,Nuclear","Defensive,Regulated",Utility eléctrica enfocada en generación nuclear y redes reguladas
NI,NiSource Inc,NYSE,USA,IDX_SP500,SEC_UTIL,IND_GAS_UTIL,32000000000,Large Cap,Blend,"Gas Utilities,Regulated","Defensive,Stable Cash Flow",Distribución regulada de gas natural y electricidad en EE. UU.
ATO,Atmos Energy Corp,NYSE,USA,IDX_SP500,SEC_UTIL,IND_GAS_UTIL,20000000000,Large Cap,Blend,"Gas Utilities,Regulated","Defensive,Dividend",Distribuidor regulado de gas natural en EE. UU.
SWX,Southwest Gas Holdings Inc,NYSE,USA,IDX_SP500,SEC_UTIL,IND_GAS_UTIL,13000000000,Mid Cap,Blend,"Gas Utilities,Regulated","Defensive,Regional Utility",Distribución de gas natural en el suroeste de EE. UU.
UGI,UGI Corp,NYSE,USA,IDX_SP500,SEC_UTIL,IND_GAS_UTIL,12000000000,Mid Cap,Blend,"Gas Utilities,Energy Distribution","Defensive,Diversified",Distribución de gas natural y energía en EE. UU. y Europa
NFG,National Fuel Gas Co,NYSE,USA,IDX_SP500,SEC_UTIL,IND_GAS_UTIL,6000000000,Mid Cap,Blend,"Gas Utilities,Regulated","Value,Integrated Utility",Utility integrada de gas natural con exploración y producción limitada
DTE,DTE Energy Co,NYSE,USA,IDX_SP500,SEC_UTIL,IND_MULTI_UTIL,45000000000,Large Cap,Blend,"Multi-Utilities,Regulated","Defensive,Stable Cash Flow",Utility integrada de electricidad y gas con fuerte regulación
SRE,Sempra,NYSE,USA,IDX_SP500,SEC_UTIL,IND_MULTI_UTIL,55000000000,Large Cap,Blend,"Multi-Utilities,Energy Infrastructure","Blue Chip,Infrastructure","Utility integrada con activos eléctricos, gas y exportación de GNL"
AEP,American Electric Power Co Inc,NYSE,USA,IDX_SP500,SEC_UTIL,IND_MULTI_UTIL,50000000000,Large Cap,Blend,"Multi-Utilities,Regulated","Defensive,Dividend",Utility integrada con gran red de transmisión eléctrica
ED,Consolidated Edison Inc,NYSE,USA,IDX_SP500,SEC_UTIL,IND_MULTI_UTIL,35000000000,Large Cap,Value,"Multi-Utilities,Regulated","Defensive,Urban Monopoly",Utility integrada enfocada en el área metropolitana de Nueva York
CMS,CMS Energy Corp,NYSE,USA,IDX_SP500,SEC_UTIL,IND_MULTI_UTIL,22000000000,Large Cap,Blend,"Multi-Utilities,Regulated","Defensive,Stable Returns",Utility integrada de electricidad y gas en Michigan
AWK,American Water Works Co Inc,NYSE,USA,IDX_SP500,SEC_UTIL,IND_WATER_UTIL,30000000000,Large Cap,Blend,"Water Utilities,Regulated","Blue Chip,Defensive,Monopoly Local",Mayor utility de agua regulada en EE. UU.
WTRG,Essential Utilities Inc,NYSE,USA,IDX_SP500,SEC_UTIL,IND_WATER_UTIL,10000000000,Large Cap,Blend,Water & Wastewater Utilities,"Defensive,Stable Cash Flow",Servicios regulados de agua y aguas residuales en EE. UU.
SJW,SJW Group,NYSE,USA,IDX_SP500,SEC_UTIL,IND_WATER_UTIL,2200000000,Small Cap,Blend,"Water Utilities,Regulated","Defensive,Regional Utility",Utility regional de agua con ingresos altamente estables
YORW,York Water Co,NASDAQ,USA,,SEC_UTIL,IND_WATER_UTIL,800000000,Small Cap,Blend,"Water Utilities,Regulated","Dividend Aristocrat,Niche",Una de las utilities de agua más antiguas de EE. UU.
CWCO,Consolidated Water Co Ltd,NASDAQ,USA,,SEC_UTIL,IND_WATER_UTIL,400000000,Small Cap,Growth,"Water Utilities,Desalination","Niche,Growth",Servicios de agua y desalinización en mercados específicos
CEG,Constellation Energy Corp,NASDAQ,USA,IDX_SP500,SEC_UTIL,IND_IPP,200000000000,Large Cap,Blend,"Nuclear Power,IPP","Clean Energy,Low Carbon",Líder en generación nuclear y energía libre de carbono en EE. UU.
VST,Vistra Corp,NYSE,USA,IDX_SP500,SEC_UTIL,IND_IPP,45000000000,Large Cap,Blend,"Power Generation,Energy Trading","Cash Flow,Merchant Power",Generación eléctrica competitiva y trading energético
NRG,NRG Energy Inc,NYSE,USA,IDX_SP500,SEC_UTIL,IND_IPP,35000000000,Large Cap,Blend,"Power Generation,Retail Energy","Merchant Power,Consumer Exposure",Generación eléctrica y comercialización de energía al consumidor
AES,AES Corp,NYSE,USA,IDX_SP500,SEC_UTIL,IND_IPP,30000000000,Large Cap,Blend,"Global Power Generation,Renewables","Renewables Transition,Emerging Markets",Generación eléctrica global con foco en renovables
CWEN,Clearway Energy Inc,NYSE,USA,,SEC_UTIL,IND_IPP,12000000000,Mid Cap,Blend,"Renewable Power,IPP","YieldCo,Stable Cash Flow",Generación renovable con contratos de largo plazo (YieldCo)
PLD,Prologis Inc,NYSE,USA,IDX_SP500,SEC_RE,IND_REIT_EQ,120000000000,Large Cap,Blend,"Industrial REIT,Logistics","Blue Chip,High Quality,Global Leader",REIT industrial líder en logística y centros de distribución
AMT,American Tower Corp,NYSE,USA,IDX_SP500,SEC_RE,IND_REIT_EQ,100000000000,Large Cap,Blend,"Tower REIT,Telecom Infrastructure","Blue Chip,High Moat",REIT de torres de telecomunicaciones con contratos de largo plazo
EQIX,Equinix Inc,NASDAQ,USA,IDX_SP500,SEC_RE,IND_REIT_EQ,80000000000,Large Cap,Blend,"Data Center REIT,Digital Infrastructure","Blue Chip,Digital Economy",REIT de data centers clave para cloud e interconexión
SPG,Simon Property Group Inc,NYSE,USA,IDX_SP500,SEC_RE,IND_REIT_EQ,60000000000,Large Cap,Value,"Retail REIT,Shopping Malls","High Quality,Defensive Retail",REIT líder en centros comerciales premium
O,Realty Income Corp,NYSE,USA,IDX_SP500,SEC_RE,IND_REIT_EQ,45000000000,Large Cap,Blend,"Net Lease REIT,Monthly Dividend","Dividend,Defensive",REIT de alquiler neto con dividendos mensuales
NLY,Annaly Capital Management Inc,NYSE,USA,,SEC_RE,IND_REIT_MORT,20000000000,Large Cap,Value,"Mortgage REIT,Agency MBS","High Dividend,Rate Sensitive",REIT hipotecario enfocado en MBS respaldados por agencias
AGNC,AGNC Investment Corp,NASDAQ,USA,,SEC_RE,IND_REIT_MORT,15000000000,Large Cap,Value,"Mortgage REIT,Agency MBS","High Dividend,Leverage",REIT hipotecario especializado en MBS de agencias
STWD,Starwood Property Trust Inc,NYSE,USA,,SEC_RE,IND_REIT_MORT,20000000000,Large Cap,Blend,Commercial Mortgage REIT,"Commercial Focus,Income",REIT hipotecario con préstamos comerciales y activos inmobiliarios
BXMT,Blackstone Mortgage Trust Inc,NYSE,USA,,SEC_RE,IND_REIT_MORT,10000000000,Large Cap,Blend,Commercial Mortgage REIT,"Institutional Platform,Income",REIT hipotecario comercial respaldado por Blackstone
MFA,MFA Financial Inc,NYSE,USA,,SEC_RE,IND_REIT_MORT,5000000000,Mid Cap,Value,"Mortgage REIT,Hybrid","High Yield,Rate Sensitive",REIT hipotecario híbrido con MBS residenciales
LEN,Lennar Corp,NYSE,USA,IDX_SP500,SEC_RE,IND_RE_DEV,60000000000,Large Cap,Blend,"Homebuilding,Real Estate Development","Cyclical,US Housing",Líder en desarrollo residencial y construcción de viviendas en EE. UU.
DHI,D.R. Horton Inc,NYSE,USA,IDX_SP500,SEC_RE,IND_RE_DEV,50000000000,Large Cap,Blend,"Homebuilding,Residential Development","Blue Chip,Scale",Mayor constructor de viviendas en EE. UU. por volumen
PHM,PulteGroup Inc,NYSE,USA,IDX_SP500,SEC_RE,IND_RE_DEV,25000000000,Large Cap,Blend,"Homebuilding,Residential Development","Cyclical,Margin Focus",Desarrollo y construcción de vivienda unifamiliar
AVB,AvalonBay Communities Inc,NYSE,USA,IDX_SP500,SEC_RE,IND_RE_DEV,30000000000,Large Cap,Blend,"Multifamily Development,Residential","REIT-Developer,Urban Focus",Desarrollo y operación de complejos residenciales multifamiliares
EQR,Equity Residential,NYSE,USA,IDX_SP500,SEC_RE,IND_RE_DEV,25000000000,Large Cap,Blend,"Residential Development,Multifamily","REIT-Developer,Urban Markets",Desarrollo y operación de propiedades residenciales en grandes ciudades